Date, TemperatureHigh, TemperatureLow, DewPoint, Humidity, Pressure, PrecipitationIntensity, PrecipitationType, NextDayPrecipitationType
2019-01-14, 31.46, 15.86, 9.72, 0.64, 1024.44, 0, none, none
2019-01-13, 26.94, 13.08, 3.87, 0.57, 1031.53, 0, none, none
2019-01-12, 24.08, 10.55, -2.47, 0.44, 1031.85, 0, none, none
2019-01-11, 24.26, 9.6, 4.74, 0.52, 1018.91, 0, none, none
2019-01-10, 32, 19.23, 18.02, 0.61, 1001.23, 0.0001, snow, none
2019-01-09, 39.42, 31.21, 30.88, 0.83, 995.41, 0.009, rain, snow
2019-01-08, 31.53, 31, 22.23, 0.81, 1017.35, 0.0041, snow, rain
2019-01-07, 26.74, 22.77, -1.27, 0.37, 1029.34, 0, none, snow
2019-01-06, 41.75, 14.85, 22.76, 0.67, 1011, 0, none, none
2019-01-05, 38.21, 31.31, 31.78, 0.89, 1003.94, 0.0027, rain, none
2019-01-04, 44.56, 31.54, 24.64, 0.61, 1012.19, 0, none, rain
2019-01-03, 40.05, 32.21, 25.39, 0.73, 1014.13, 0.0014, snow, none
2019-01-02, 33.39, 25.07, 8.83, 0.46, 1025.52, 0, none, snow
2019-01-01, 51.7, 24.17, 31.29, 0.75, 1008.01, 0.0161, rain, none
2018-12-31, 41.11, 33.83, 27.05, 0.77, 1025.9, 0.0048, snow, rain
2018-12-30, 33.88, 26.22, 13.17, 0.55, 1023.61, 0, none, snow
2018-12-29, 48.13, 23.45, 30.17, 0.73, 1012.38, 0, none, none
2018-12-28, 35.69, 33.23, 30.68, 0.91, 1021.05, 0.0137, rain, none
2018-12-27, 34.17, 27.24, 12.82, 0.51, 1036.13, 0, none, rain
2018-12-26, 36.24, 24.88, 11.51, 0.51, 1029.19, 0, none, none
2018-12-25, 34.51, 19.39, 12.55, 0.52, 1022.66, 0, none, none
2018-12-24, 36.49, 26.71, 24.21, 0.74, 1017.03, 0, none, none
2018-12-23, 38.2, 25.72, 17.08, 0.54, 1017.44, 0, none, none
2018-12-22, 53.17, 29.41, 39.35, 0.77, 995.79, 0.0013, rain, none
2018-12-21, 63.19, 52.64, 49.68, 0.96, 1003.14, 0.0338, rain, rain
2018-12-20, 45.89, 35.91, 23.69, 0.69, 1019.39, 0.0003, rain, rain
2018-12-19, 38.36, 22.33, 10.97, 0.49, 1018.91, 0, none, rain
2018-12-18, 29.15, 21.33, 10.18, 0.51, 1011.47, 0.0001, snow, none
2018-12-17, 39.37, 22.75, 31.51, 0.84, 1003.94, 0.0035, rain, snow
2018-12-16, 39.59, 33.43, 30.03, 0.81, 1019.53, 0.0138, rain, rain
2018-12-15, 52.99, 30.76, 35.92, 0.77, 1022.87, 0, none, rain
2018-12-14, 44.84, 38.06, 25.71, 0.7, 1031.57, 0, none, none
2018-12-13, 28.38, 25.43, 10.66, 0.65, 1033.91, 0, none, none
2018-12-12, 34.4, 11.48, 11.93, 0.53, 1018.99, 0, none, none
2018-12-11, 34.61, 24.34, 13.37, 0.67, 1019.59, 0, none, none
2018-12-10, 35.47, 13.05, 13.35, 0.6, 1020.62, 0, none, none
2018-12-09, 33.8, 18.11, 13.59, 0.68, 1027.62, 0, none, none
2018-12-08, 27.14, 12.4, 2.86, 0.48, 1031.09, 0, none, none
2018-12-07, 35.55, 15.25, 15.01, 0.54, 1023.77, 0, none, none
2018-12-06, 36.73, 29.53, 19.88, 0.65, 1019.02, 0, none, none
2018-12-05, 32.2, 24.29, 14.07, 0.62, 1019.2, 0, none, none
2018-12-04, 34.17, 17.4, 15.61, 0.52, 1012.32, 0, none, none
2018-12-03, 50.93, 33.48, 37.45, 0.8, 1001.25, 0.0002, rain, none
2018-12-02, 44.4, 39.57, 37.79, 0.96, 1012.07, 0.0361, rain, rain
2018-12-01, 41.26, 31.3, 26.9, 0.74, 1022.67, 0.0001, snow, rain
2018-11-30, 39.4, 31.04, 26.2, 0.74, 1017.18, 0, none, snow
2018-11-29, 41.74, 27.29, 27.41, 0.65, 1007.55, 0.0001, rain, none
2018-11-28, 40.45, 36.76, 29.34, 0.76, 993.63, 0.0002, snow, rain
2018-11-27, 39.96, 32.38, 34.22, 0.9, 992.99, 0.0294, rain, snow
2018-11-26, 41.3, 35.8, 37.73, 0.97, 1012.33, 0.028, rain, rain
2018-11-25, 42.87, 36.07, 37.36, 0.95, 1011.51, 0.0062, rain, rain
2018-11-24, 42.8, 35.04, 20.2, 0.65, 1020.58, 0.0012, rain, rain
2018-11-23, 29.45, 19.92, 0.69, 0.46, 1032.54, 0, none, rain
2018-11-22, 16.83, 9.48, -1.97, 0.49, 1027.63, 0, none, none
2018-11-21, 37.94, 9.03, 23.22, 0.77, 1014.83, 0.0017, snow, none
2018-11-20, 33.83, 25.36, 31.77, 0.95, 1013.72, 0.0154, snow, snow
2018-11-19, 36.36, 33.05, 32.06, 0.93, 1020.84, 0.0099, rain, snow
2018-11-18, 37.63, 31.7, 23.92, 0.63, 1027.15, 0, none, rain
2018-11-17, 44.89, 32.81, 29.34, 0.68, 1017.03, 0.0025, rain, none
2018-11-16, 35.51, 32.19, 30.35, 0.9, 1006.74, 0.0244, snow, rain
2018-11-15, 29.55, 26.37, 8.83, 0.52, 1034.02, 0.0048, snow, snow
2018-11-14, 32.53, 19.4, 8.54, 0.41, 1026.61, 0.0001, snow, snow
2018-11-13, 43.64, 29.59, 37.79, 0.9, 1016.07, 0.0516, rain, snow
2018-11-12, 47.73, 35.46, 24.04, 0.65, 1029.86, 0, none, rain
2018-11-11, 42.51, 24.87, 14.96, 0.45, 1024.69, 0, none, none
2018-11-10, 44.55, 31.64, 30.99, 0.7, 1010.56, 0.0195, rain, none
2018-11-09, 46.62, 41.77, 33.44, 0.8, 1025.86, 0.017, rain, rain
2018-11-08, 52.67, 29.23, 29.98, 0.58, 1022.64, 0, none, rain
2018-11-07, 60.75, 38.56, 40.18, 0.66, 1011.48, 0.0001, rain, none
2018-11-06, 49.15, 48.82, 46.13, 0.97, 1014, 0.0249, rain, rain
2018-11-05, 43.3, 42.77, 36.35, 0.88, 1032.09, 0.0098, rain, rain
2018-11-04, 51.37, 33.42, 29.64, 0.62, 1031.41, 0, none, rain
2018-11-03, 55.55, 36.39, 46.42, 0.83, 1007.09, 0.0838, rain, none
2018-11-02, 56.64, 53.36, 52.78, 0.99, 1007.71, 0.0253, rain, rain
2018-11-01, 52.19, 49.28, 48.32, 0.94, 1012.5, 0.0087, rain, rain
2018-10-31, 52.58, 47.75, 33.08, 0.78, 1018.04, 0, none, rain
2018-10-30, 44.88, 27.8, 31.4, 0.73, 1015.92, 0, none, none
2018-10-28, 49.21, 42.5, 40.94, 0.92, 1007.55, 0.0024, rain, rain
2018-10-27, 44.55, 38.95, 37.49, 0.89, 1015.82, 0.041, rain, rain
2018-10-26, 46.68, 36.02, 21.06, 0.53, 1019.79, 0, none, rain
2018-10-25, 45.27, 30.9, 27.01, 0.63, 1016.98, 0, none, none
2018-10-24, 47.31, 34.22, 37.95, 0.84, 1014.96, 0.0022, rain, none
2018-10-23, 54.04, 40.49, 38.68, 0.81, 1018.28, 0.0122, rain, rain
2018-10-22, 49.53, 37.31, 25.06, 0.59, 1021.49, 0, none, rain
2018-10-21, 45.24, 27.71, 27.8, 0.59, 1009.65, 0.0001, rain, none
2018-10-20, 61.43, 43.49, 43.34, 0.66, 1004.31, 0, none, rain
2018-10-19, 60.16, 52.04, 31.43, 0.62, 1020.1, 0, none, none
2018-10-18, 44.71, 29.56, 21.25, 0.52, 1021.9, 0.0005, rain, none
2018-10-17, 58.57, 34.92, 36.63, 0.74, 1012.04, 0.0011, rain, rain
2018-10-16, 56.19, 36.16, 35.35, 0.61, 1014.8, 0.0036, rain, rain
2018-10-15, 61.12, 43.74, 51.2, 0.92, 1017.27, 0.0014, rain, rain
2018-10-14, 56.73, 36.37, 37.42, 0.78, 1021.84, 0, none, rain
2018-10-13, 50.88, 35.9, 42.03, 0.88, 1010.79, 0.0044, rain, none
2018-10-12, 60.34, 43.49, 48.33, 0.8, 1001.93, 0, none, rain
2018-10-11, 58.56, 55.1, 57.93, 0.96, 1008.3, 0.0364, rain, none
2018-10-10, 82.72, 57.75, 66.07, 0.83, 1017.39, 0, none, rain
2018-10-09, 77.19, 64.5, 61.89, 0.89, 1025.49, 0, none, none
2018-10-08, 53.28, 51.23, 50.47, 0.91, 1032.06, 0.0005, rain, none
2018-10-07, 73.6, 51.61, 60.75, 0.9, 1022.63, 0.0029, rain, rain
2018-10-06, 61.26, 58.28, 48.7, 0.84, 1023.74, 0, none, rain
2018-10-05, 62.01, 44.66, 47.21, 0.75, 1021.78, 0, none, none
2018-10-04, 72.2, 50.85, 60.15, 0.88, 1015.73, 0, none, none
2018-10-03, 61.72, 58.31, 54.28, 0.93, 1017.95, 0.0073, rain, none
2018-10-02, 55.92, 51.7, 53.4, 0.97, 1023.38, 0.0204, rain, rain
2018-10-01, 58.48, 52.78, 53.14, 0.92, 1027.27, 0.003, rain, rain
2018-09-30, 66.05, 50.82, 45.92, 0.77, 1026.65, 0, none, rain
2018-09-29, 67.76, 43.49, 50.58, 0.81, 1021.47, 0, none, none
2018-09-28, 61.1, 48.59, 53.44, 0.89, 1019.62, 0.0031, rain, none
2018-09-27, 69.83, 55.48, 55.07, 0.76, 1019.62, 0.0136, rain, rain
2018-09-26, 80.98, 57.4, 68.58, 0.9, 1014.92, 0.0191, rain, rain
2018-09-25, 61.5, 61.82, 51.17, 0.94, 1031.24, 0.0428, rain, rain
2018-09-24, 57.21, 43.63, 42.7, 0.73, 1034.83, 0, none, rain
2018-09-23, 63.83, 48.3, 46.41, 0.79, 1025.13, 0, none, none
2018-09-22, 68.52, 44.17, 52.59, 0.67, 1017.8, 0.0002, rain, none
2018-09-21, 67.38, 65.26, 56.68, 0.81, 1022.16, 0, none, rain
2018-09-20, 64.75, 57.86, 55.38, 0.83, 1024.31, 0.0001, rain, none
2018-09-19, 64.65, 57.64, 60.4, 0.9, 1014.62, 0.0002, rain, rain
2018-09-18, 75.17, 62.28, 68.5, 0.94, 1009.59, 0.1416, rain, rain
2018-09-17, 82.65, 68.45, 65.23, 0.8, 1019.08, 0, none, rain
2018-09-16, 85.67, 63.95, 64.92, 0.81, 1022.88, 0, none, none
2018-09-15, 76.18, 59.78, 64.04, 0.9, 1023.35, 0, none, none
2018-09-14, 76.55, 62.92, 63.01, 0.88, 1025.29, 0, none, none
2018-09-13, 73.2, 60.28, 63.75, 0.88, 1026.65, 0.0014, rain, none
2018-09-12, 67.76, 64.14, 65.19, 0.94, 1025.59, 0.0047, rain, rain
2018-09-11, 75.65, 67.54, 64.01, 0.93, 1021.98, 0.0343, rain, rain
2018-09-10, 63.93, 59.45, 52.53, 0.86, 1027.88, 0.0185, rain, rain
2018-09-09, 61.83, 49.51, 45.07, 0.71, 1026.56, 0, none, rain
2018-09-08, 67.49, 49.15, 52.27, 0.75, 1021.66, 0, none, none
2018-09-07, 71.56, 58.6, 58.9, 0.76, 1022.47, 0, none, none
2018-09-06, 91.35, 62.99, 71.9, 0.84, 1019.54, 0.0035, rain, none
2018-09-05, 89.4, 73.16, 68.58, 0.79, 1023.13, 0, none, rain
2018-09-04, 87.68, 64.81, 68.05, 0.72, 1023.04, 0, none, none
2018-09-03, 91.56, 71.83, 71.63, 0.77, 1022.32, 0, none, none
2018-09-02, 83.3, 70.81, 62.77, 0.78, 1024.5, 0, none, none
2018-09-01, 73.85, 58.73, 57.25, 0.78, 1027.86, 0, none, none
2018-08-31, 73.34, 56.56, 55.09, 0.68, 1027.22, 0, none, none
2018-08-30, 83.27, 62.62, 66.6, 0.72, 1016.84, 0, none, none
2018-08-29, 93.17, 72.88, 72.66, 0.71, 1013.57, 0, none, none
2018-08-28, 92.23, 74.25, 72, 0.75, 1015.15, 0, none, none
2018-08-27, 86.2, 70.43, 67.47, 0.76, 1017.06, 0, none, none
2018-08-26, 82.31, 67, 62.58, 0.77, 1019.87, 0, none, none
2018-08-25, 81.08, 58.5, 61.65, 0.76, 1025, 0, none, none
2018-08-24, 83.29, 58.8, 58.11, 0.74, 1021.89, 0, none, none
2018-08-23, 75.77, 53.77, 54.24, 0.67, 1012.76, 0, none, none
2018-08-22, 78.88, 61.5, 65.59, 0.88, 1007.44, 0.0238, rain, none
2018-08-21, 71.65, 64.42, 60.46, 0.86, 1019.82, 0, none, rain
2018-08-20, 75.37, 58.03, 60.1, 0.78, 1022.16, 0, none, none
2018-08-19, 75.4, 63.18, 60.55, 0.78, 1017.61, 0, none, none
2018-08-18, 80.13, 63.26, 70.24, 0.9, 1010.55, 0.0118, rain, none
2018-08-17, 82.88, 72.07, 67.15, 0.84, 1017.7, 0.0089, rain, rain
2018-08-16, 86.99, 64.31, 68.19, 0.76, 1015.72, 0, none, rain
2018-08-15, 86.25, 69.08, 69.2, 0.83, 1011.13, 0.0001, rain, none
2018-08-14, 79.68, 68.01, 69.6, 0.94, 1012.8, 0.0197, rain, rain
2018-08-13, 71.55, 68.44, 67.17, 0.94, 1018.68, 0.0025, rain, rain
2018-08-12, 69.91, 66.95, 66.93, 0.96, 1019.69, 0.0282, rain, rain
2018-08-11, 69.53, 66.22, 63.86, 0.89, 1016.91, 0.0266, rain, rain
2018-08-10, 83.34, 64.57, 62.27, 0.69, 1011.79, 0, none, rain
2018-08-09, 86.07, 65.36, 70.13, 0.8, 1007.89, 0.0017, rain, none
2018-08-08, 87.17, 72.25, 71.61, 0.83, 1012.08, 0.0043, rain, rain
2018-08-07, 92.27, 70.05, 71.91, 0.77, 1013.8, 0.0059, rain, rain
2018-08-06, 92.41, 72.04, 70.22, 0.74, 1017.42, 0, none, rain
2018-08-05, 88.28, 67.15, 69.2, 0.79, 1019.79, 0, none, none
2018-08-04, 79.34, 65.73, 71.37, 0.93, 1019.28, 0.0131, rain, none
2018-08-03, 86.55, 70.43, 72.13, 0.84, 1020.73, 0.0111, rain, rain
2018-08-02, 89.66, 71.57, 72.21, 0.79, 1017.73, 0.0031, rain, rain
2018-08-01, 77.27, 73.2, 68.35, 0.87, 1019.13, 0.0048, rain, rain
2018-07-31, 85.42, 64.48, 63.05, 0.71, 1020.15, 0, none, rain
2018-07-30, 81.55, 62.32, 61.54, 0.73, 1020.69, 0, none, none
2018-07-29, 80.39, 60.76, 62.55, 0.74, 1017.33, 0, none, none
2018-07-28, 85.86, 64.2, 68.53, 0.81, 1015.52, 0.0072, rain, none
2018-07-27, 88.48, 67.67, 68.63, 0.81, 1015.28, 0.0162, rain, rain
2018-07-26, 80.87, 65.92, 72.02, 0.91, 1011.32, 0.0236, rain, rain
2018-07-25, 83.86, 71.99, 71.98, 0.83, 1018.2, 0.0015, rain, rain
2018-07-24, 86.86, 73.3, 71.35, 0.79, 1024.5, 0.0006, rain, rain
2018-07-23, 84, 73.31, 72.91, 0.87, 1023.2, 0.0052, rain, rain
2018-07-22, 77.43, 72.51, 66.8, 0.92, 1019.9, 0.0073, rain, rain
2018-07-21, 78.05, 63.33, 57.64, 0.73, 1021.51, 0, none, rain
2018-07-20, 84.45, 57.11, 56.03, 0.65, 1021.61, 0, none, none
2018-07-19, 80.91, 55.59, 50.44, 0.58, 1018.79, 0, none, none
2018-07-18, 78.98, 52.44, 57.54, 0.65, 1012, 0.0001, rain, none
2018-07-17, 86.64, 66.36, 70.98, 0.89, 1010.46, 0.0462, rain, rain
2018-07-16, 87.67, 72.35, 68.6, 0.81, 1015.23, 0.0001, rain, rain
2018-07-15, 84.66, 65.66, 66.85, 0.83, 1015.54, 0.0004, rain, rain
2018-07-14, 77.62, 64.68, 58.81, 0.72, 1020.77, 0.0031, rain, rain
2018-07-13, 83.19, 58.23, 56.24, 0.61, 1023.78, 0, none, rain
2018-07-12, 80.72, 59.89, 50.83, 0.56, 1022.19, 0, none, none
2018-07-11, 79.55, 54.75, 58.92, 0.64, 1015.32, 0, none, none
2018-07-10, 91.52, 67.07, 61.78, 0.61, 1012.48, 0, none, none
2018-07-09, 89.34, 63.68, 58.71, 0.59, 1020.34, 0, none, none
2018-07-08, 84.09, 61, 54.03, 0.61, 1026.85, 0, none, none
2018-07-07, 79.04, 53.79, 47.63, 0.53, 1026.03, 0, none, none
2018-07-06, 83.66, 52.01, 67.15, 0.72, 1015.51, 0.0043, rain, none
2018-07-05, 92.14, 77.92, 71.08, 0.72, 1023.31, 0, none, rain
2018-07-04, 92.51, 69.55, 65.65, 0.64, 1025.86, 0, none, none
2018-07-03, 94.41, 68.49, 73.08, 0.73, 1020.86, 0, none, none
2018-07-02, 89.44, 72.29, 70.31, 0.75, 1019.05, 0, none, none
2018-07-01, 94.7, 68.87, 70.61, 0.7, 1016.21, 0, none, none
2018-06-30, 90.18, 71.54, 65.62, 0.66, 1016.18, 0.0001, rain, none
2018-06-29, 87.95, 65.89, 65.99, 0.74, 1012.47, 0.0004, rain, rain
2018-06-28, 74.94, 65.06, 67.86, 0.95, 1010.77, 0.0467, rain, rain
2018-06-27, 76.26, 62.3, 57.17, 0.69, 1018.45, 0.0013, rain, rain
2018-06-26, 78.93, 59.04, 46.01, 0.57, 1023.04, 0, none, rain
2018-06-25, 74.55, 47.77, 54.95, 0.69, 1014.58, 0.0214, rain, none
2018-06-24, 78.03, 62.79, 60.99, 0.87, 1009.85, 0.0085, rain, rain
2018-06-23, 64.18, 55.66, 53.18, 0.81, 1014.99, 0.0011, rain, rain
2018-06-22, 77.01, 56.55, 50.21, 0.59, 1017.12, 0, none, rain
2018-06-21, 78.66, 50.98, 55.84, 0.66, 1009.27, 0, none, none
2018-06-20, 79.18, 56.37, 52.12, 0.61, 1011.03, 0, none, none
2018-06-19, 79.14, 52.4, 57.77, 0.61, 1007.88, 0.0002, rain, none
2018-06-18, 91.62, 70.47, 64.75, 0.71, 1011.47, 0.014, rain, rain
2018-06-17, 87.46, 61.74, 52.65, 0.58, 1018, 0, none, rain
2018-06-16, 81.97, 54.55, 51.21, 0.61, 1015.15, 0, none, none
2018-06-15, 70.19, 50.93, 53.37, 0.76, 1013.06, 0.0003, rain, none
2018-06-14, 74.84, 56.11, 55.78, 0.63, 1005.24, 0, none, rain
2018-06-13, 77.09, 65.71, 57.3, 0.69, 1011.69, 0.0003, rain, none
2018-06-12, 80.39, 57.25, 47.1, 0.51, 1019.52, 0, none, rain
2018-06-11, 70.35, 51.03, 45.75, 0.59, 1019.12, 0, none, none
2018-06-10, 76.62, 52.9, 43.23, 0.51, 1017.85, 0, none, none
2018-06-09, 78.96, 49.77, 49.69, 0.58, 1019.11, 0, none, none
2018-06-08, 78.02, 52.84, 54.06, 0.65, 1019.84, 0, none, none
2018-06-07, 71.41, 54.52, 53.49, 0.73, 1018.88, 0, none, none
2018-06-06, 67.95, 52.54, 51.24, 0.77, 1011.09, 0, none, none
2018-06-05, 63.02, 51.69, 50.85, 0.87, 1005.46, 0.0019, rain, none
2018-06-04, 53.11, 48.36, 48.38, 0.92, 1011.75, 0.0134, rain, rain
2018-06-03, 66.05, 48.37, 45.07, 0.63, 1018.49, 0, none, rain
2018-06-02, 83.24, 52.16, 65.59, 0.75, 1008.38, 0, none, none
2018-06-01, 80.48, 68.09, 67.57, 0.82, 1010.08, 0.0001, rain, none
2018-05-31, 84.54, 68.14, 53.97, 0.64, 1017.67, 0, none, rain
2018-05-30, 77.59, 50.97, 49.93, 0.59, 1021.37, 0, none, none
2018-05-29, 86.76, 56.33, 56.61, 0.67, 1015.42, 0, none, none
2018-05-28, 63.06, 55, 51.39, 0.89, 1019.2, 0.0009, rain, none
2018-05-27, 56.58, 48.84, 50.08, 0.81, 1021.87, 0.0046, rain, rain
2018-05-26, 86.44, 54.25, 57.96, 0.56, 1008.78, 0.0005, rain, rain
2018-05-25, 87.22, 64.94, 48.86, 0.49, 1011.58, 0, none, rain
2018-05-24, 75.41, 54.52, 45.13, 0.58, 1018.27, 0, none, none
2018-05-23, 82.54, 50.88, 51.85, 0.62, 1012.36, 0.0009, rain, none
2018-05-22, 65.68, 54.83, 52.12, 0.79, 1019.96, 0.0017, rain, rain
2018-05-21, 78.34, 50.58, 44.32, 0.54, 1020, 0, none, rain
2018-05-20, 76.38, 48.84, 59.24, 0.82, 1013.53, 0.0012, rain, none
2018-05-19, 59.91, 50.63, 43.35, 0.82, 1027.56, 0.0093, rain, rain
2018-05-18, 63.37, 39.05, 39.97, 0.53, 1027.69, 0, none, rain
2018-05-17, 78.32, 55.74, 54.31, 0.75, 1016.61, 0, none, none
2018-05-16, 63.21, 51.77, 48.21, 0.76, 1020.51, 0.0003, rain, none
2018-05-15, 84.86, 50.17, 59.17, 0.8, 1010.45, 0.0182, rain, rain
2018-05-14, 76.37, 56.95, 50.85, 0.73, 1014.8, 0, none, rain
2018-05-13, 63.33, 46.5, 44, 0.8, 1021.58, 0.0001, rain, none
2018-05-12, 51.75, 42.06, 38.07, 0.72, 1022.25, 0.0023, rain, rain
2018-05-11, 67.93, 42.21, 37.96, 0.48, 1014.01, 0, none, rain
2018-05-10, 72.54, 56.06, 49.87, 0.73, 1013.56, 0, none, none
2018-05-09, 76.28, 48.86, 45.09, 0.6, 1021.69, 0, none, none
2018-05-08, 73.81, 45.12, 45.46, 0.67, 1024.07, 0, none, none
2018-05-07, 67.77, 42.74, 47.78, 0.72, 1018.12, 0.002, rain, none
2018-05-06, 61.84, 49.46, 51.42, 0.78, 1016.32, 0.0103, rain, rain
2018-05-05, 74.44, 58.48, 43.03, 0.45, 1013.89, 0.0002, rain, rain
2018-05-04, 81.55, 55.24, 62.95, 0.72, 1009.91, 0.0003, rain, rain
2018-05-03, 86.83, 64.41, 56.62, 0.57, 1012.67, 0.0029, rain, rain
2018-05-02, 89.48, 65.36, 43.29, 0.4, 1013.71, 0, none, rain
2018-05-01, 67.08, 50.06, 42.79, 0.71, 1016.26, 0.0002, rain, none
2018-04-30, 49.47, 38.43, 38.23, 0.82, 1013.24, 0.0023, rain, rain
2018-04-29, 55.14, 36.74, 45.09, 0.84, 1010.98, 0.0069, rain, rain
2018-04-28, 71.21, 49.64, 47.29, 0.73, 1009.27, 0.0006, rain, rain
2018-04-27, 61.05, 47.82, 44.63, 0.82, 1011.23, 0.0113, rain, rain
2018-04-26, 65.48, 42.36, 48.12, 0.78, 1004.54, 0.0074, rain, rain
2018-04-25, 55.37, 51.97, 46.48, 0.83, 1016.37, 0.0252, rain, rain
2018-04-24, 71.26, 47.92, 29.82, 0.41, 1027.47, 0, none, rain
2018-04-23, 65.9, 36.23, 22.96, 0.42, 1031.36, 0, none, none
2018-04-22, 61.03, 29.75, 21.93, 0.43, 1027.84, 0, none, none
2018-04-21, 58.27, 30.13, 25.53, 0.48, 1025.23, 0, none, none
2018-04-20, 50.58, 32.73, 28.71, 0.61, 1017.63, 0.0001, rain, none
2018-04-19, 43.79, 34.45, 32.87, 0.76, 1007.41, 0.0043, rain, rain
2018-04-18, 51.15, 37.25, 28.21, 0.57, 1004.86, 0, none, rain
2018-04-17, 47.47, 33.9, 34.89, 0.74, 999.92, 0.0018, rain, none
2018-04-16, 45.22, 39.95, 36.42, 0.94, 1016.53, 0.0755, rain, rain
2018-04-15, 31.27, 30.13, 24.78, 0.77, 1032.45, 0.0004, snow, rain
2018-04-14, 55.05, 30.57, 37.99, 0.73, 1019.27, 0.0001, rain, snow
2018-04-13, 65.89, 45.49, 43.92, 0.69, 1011.21, 0.0001, rain, rain
2018-04-12, 57.62, 43.26, 32.28, 0.68, 1016.57, 0.0045, rain, rain
2018-04-11, 48.52, 29.62, 28.31, 0.72, 1020.97, 0.0003, rain, rain
2018-04-10, 40.45, 28.35, 26.77, 0.71, 1022.3, 0.0008, rain, rain
2018-04-09, 44.28, 30.23, 14, 0.45, 1019.73, 0, none, rain
2018-04-08, 42.66, 26.7, 16.82, 0.49, 1011.73, 0, none, none
2018-04-07, 44.81, 27.58, 26.2, 0.66, 1009.45, 0.0075, rain, none
2018-04-06, 39.28, 33.6, 22.16, 0.7, 1015.24, 0.0053, snow, rain
2018-04-05, 41.06, 21.97, 10.64, 0.38, 1012.16, 0, none, snow
2018-04-04, 50.4, 27.73, 38.54, 0.88, 1002.1, 0.0122, rain, none
2018-04-03, 47.91, 36.87, 29.95, 0.8, 1021.03, 0.01, rain, rain
2018-04-02, 41.53, 27.08, 23.94, 0.67, 1020.39, 0.0022, snow, rain
2018-04-01, 53.92, 31.01, 23.21, 0.41, 1014.45, 0, none, snow
2018-03-31, 55.93, 42.46, 21.46, 0.4, 1019.88, 0, none, none
2018-03-30, 55.36, 37.27, 44.14, 0.88, 1007.91, 0.0016, rain, none
2018-03-29, 54.24, 43.18, 35.88, 0.78, 1017.21, 0.0008, rain, rain
2018-03-28, 57.58, 32.18, 30.04, 0.6, 1017.6, 0.0001, rain, rain
2018-03-27, 47.86, 34.29, 17.95, 0.55, 1033.54, 0, none, rain
2018-03-26, 43.57, 21.19, 18.51, 0.59, 1040.32, 0, none, none
2018-03-25, 37.98, 23.57, 25.57, 0.73, 1030.81, 0.0013, snow, none
2018-03-24, 45.79, 31.82, 24.44, 0.57, 1017.77, 0.0002, rain, snow
2018-03-23, 45.85, 34.79, 22.73, 0.54, 1014.01, 0, none, rain
2018-03-22, 46.72, 30.04, 27.72, 0.67, 1007.53, 0.0043, rain, none
2018-03-21, 38.55, 31.86, 19.71, 0.58, 1010.27, 0, none, rain
2018-03-20, 42.46, 27.94, 11.6, 0.46, 1014.47, 0.0001, snow, none
2018-03-19, 34.78, 19.05, 3.48, 0.4, 1013.4, 0, none, snow
2018-03-18, 30.44, 14.57, -1.99, 0.37, 1011.82, 0, none, none
2018-03-17, 37.42, 11.75, 9.57, 0.47, 1005.95, 0.0001, snow, none
2018-03-16, 35.49, 21.95, 17.77, 0.58, 1001.7, 0.0001, snow, snow
2018-03-15, 41.29, 28.09, 25.38, 0.68, 995.46, 0.0036, rain, snow
2018-03-14, 37.11, 31.42, 28.35, 0.85, 995.67, 0.0088, snow, rain
2018-03-13, 31.43, 27.82, 28.73, 0.92, 1003.14, 0.0053, snow, snow
2018-03-12, 40.5, 30.66, 26.23, 0.78, 1017.86, 0.0008, snow, snow
2018-03-11, 42.88, 21.79, 23.74, 0.64, 1015.54, 0.0038, rain, snow
2018-03-10, 38.03, 27.97, 24.9, 0.71, 1008.26, 0.0047, snow, rain
2018-03-09, 36, 29.52, 25.48, 0.81, 1003.84, 0.0047, snow, snow
2018-03-08, 34.31, 24.66, 29.97, 0.92, 1002.42, 0.0157, snow, snow
2018-03-07, 33.21, 30.05, 28.77, 0.87, 1012.36, 0.006, snow, snow
2018-03-06, 38.56, 30.53, 22.5, 0.67, 1018.32, 0, none, snow
2018-03-05, 43.96, 26.57, 26.63, 0.7, 1017.35, 0.002, rain, none
2018-03-04, 42.37, 31.04, 26.35, 0.61, 1018.12, 0, none, rain
2018-03-03, 46.43, 37.75, 28.02, 0.6, 1014.74, 0.0002, rain, none
2018-03-02, 41.37, 37.52, 34.08, 0.85, 1001.92, 0.0456, rain, rain
2018-03-01, 58.02, 34.75, 35.57, 0.66, 1010.82, 0, none, rain
2018-02-28, 60.87, 34.74, 28.39, 0.49, 1015.33, 0, none, none
2018-02-27, 51.9, 35.22, 22.86, 0.57, 1024.6, 0, none, none
2018-02-26, 50.19, 26.28, 30.86, 0.73, 1018.64, 0.0009, rain, none
2018-02-25, 37.71, 33.49, 32.26, 0.89, 1022.09, 0.0144, rain, rain
2018-02-24, 52.07, 31.75, 34.52, 0.76, 1020.33, 0.0001, rain, rain
2018-02-23, 39.46, 35.01, 28.22, 0.86, 1034.33, 0.0066, rain, rain
2018-02-22, 40.16, 23.45, 25.39, 0.64, 1037.24, 0.0007, rain, rain
2018-02-21, 75.12, 38.76, 48.5, 0.77, 1023.29, 0, none, rain
2018-02-20, 66.87, 38.88, 47.72, 0.85, 1024.36, 0.0013, rain, none
2018-02-19, 48.39, 42.46, 28.18, 0.78, 1031.31, 0.0032, rain, rain
2018-02-18, 42.09, 17.79, 25.95, 0.76, 1023.2, 0.0128, snow, rain
2018-02-17, 36.52, 28.99, 15.04, 0.56, 1026.1, 0.0004, snow, snow
2018-02-16, 48.03, 22.61, 37.97, 0.85, 1004.6, 0.0012, rain, snow
2018-02-15, 50.23, 41.63, 36.95, 0.89, 1010.11, 0, none, rain
2018-02-14, 47.66, 29.59, 27.59, 0.75, 1024.34, 0, none, none
2018-02-13, 31.84, 25.78, 11.31, 0.53, 1041.37, 0, none, none
2018-02-12, 40.4, 20.97, 26.68, 0.71, 1024.11, 0.0003, rain, none
2018-02-11, 38.41, 34.11, 35.94, 0.96, 1017.16, 0.0311, rain, rain
2018-02-10, 46.07, 37.99, 33.58, 0.9, 1024.25, 0.0114, rain, rain
2018-02-09, 27.59, 24.18, 14.62, 0.78, 1032.89, 0.0001, snow, rain
2018-02-08, 27.45, 10.68, 17.27, 0.79, 1024.16, 0.0014, snow, snow
2018-02-07, 31.86, 18.04, 21.26, 0.88, 1025.35, 0.0081, snow, snow
2018-02-06, 31.21, 15.55, 14.3, 0.66, 1028.78, 0, none, snow
2018-02-05, 39.12, 18.59, 23.49, 0.69, 1010.97, 0.0101, rain, none
2018-02-04, 40.89, 35.85, 26.62, 0.77, 1020.55, 0.0074, rain, rain
2018-02-03, 25.68, 19.29, 3.43, 0.58, 1027.16, 0, none, rain
2018-02-02, 30.35, 5.12, 15.41, 0.69, 1013.03, 0.0059, snow, none
2018-02-01, 42.03, 28.34, 25.69, 0.71, 1013.99, 0.0011, rain, snow
2018-01-31, 30.84, 27.54, 6.47, 0.49, 1019.64, 0, none, rain
2018-01-30, 31.15, 15.46, 8.8, 0.47, 1015.29, 0, none, none
2018-01-29, 35.43, 23.1, 23.03, 0.7, 1025.16, 0, none, none
2018-01-28, 49.23, 29.74, 34.76, 0.73, 1023.29, 0.0007, rain, none
2018-01-27, 51.19, 41.34, 25.97, 0.67, 1028.45, 0.0004, rain, rain
2018-01-26, 31.94, 19.87, 6.12, 0.51, 1037.24, 0, none, rain
2018-01-25, 26.61, 15.14, 6.12, 0.53, 1025.44, 0, none, none
2018-01-24, 35.42, 17.57, 24.34, 0.75, 1010.1, 0.0023, snow, none
2018-01-23, 33.27, 32.2, 29.57, 0.95, 1009.22, 0.0098, rain, snow
2018-01-22, 35.1, 27.95, 29.92, 0.92, 1024.94, 0.0022, snow, rain
2018-01-21, 47.56, 28.38, 28.65, 0.75, 1019.87, 0.0005, snow, snow
2018-01-20, 46.51, 29.98, 25.56, 0.66, 1008.62, 0.0035, rain, snow
2018-01-19, 32.73, 26.5, 19.23, 0.77, 1014.37, 0.0004, snow, rain
2018-01-18, 28.67, 15.73, 17.07, 0.81, 1015.01, 0.0007, snow, snow
2018-01-17, 32.63, 14.79, 28.44, 0.92, 1024.44, 0.0031, snow, snow
2018-01-16, 32.16, 29.46, 16.75, 0.71, 1033.06, 0.0001, snow, snow
2018-01-15, 19.66, 16.7, 1.52, 0.58, 1040.05, 0, none, snow
2018-01-14, 20.81, 7, 0.89, 0.55, 1035.86, 0, none, none
2018-01-13, 56.61, 10.8, 33.18, 0.8, 1008.02, 0.0151, rain, none
2018-01-12, 58.06, 56.32, 50.73, 0.95, 1013.7, 0.0176, rain, rain
2018-01-11, 50.87, 42.64, 37.91, 0.84, 1026.7, 0.0046, rain, rain
2018-01-10, 36.45, 29.29, 16.97, 0.64, 1030.58, 0.0005, snow, rain
2018-01-09, 39.99, 15.93, 22.41, 0.67, 1017.87, 0.0019, snow, snow
2018-01-08, 33.44, 27.52, 11.71, 0.57, 1018.93, 0.0001, snow, snow
2018-01-07, 15.08, 11.53, -10.77, 0.49, 1029.95, 0, none, snow
2018-01-06, 10.45, -7.81, -9.57, 0.51, 1015.61, 0, none, none
2018-01-05, 12.73, 1.72, 1.34, 0.62, 998.44, 0.0001, snow, none
2018-01-04, 26.65, 10.84, 15.34, 0.83, 998.12, 0.0034, snow, snow
2018-01-03, 27.54, 8.07, 6.08, 0.64, 1024.05, 0.0001, snow, snow
2018-01-02, 16.15, 8.87, -4.29, 0.66, 1025.11, 0, none, snow
2018-01-01, 10.36, -8.32, -9.61, 0.57, 1024.71, 0, none, none
2017-12-31, 9.68, -2.92, -4.67, 0.67, 1020.28, 0, none, none
2017-12-30, 13.92, -0.79, -0.44, 0.76, 1017.98, 0, none, none
2017-12-29, 9.73, -1.3, -5.92, 0.68, 1024.34, 0, none, none
2017-12-28, 8.5, -4.95, -8.03, 0.58, 1029.02, 0, none, none
2017-12-27, 18.22, -1.13, 0.12, 0.63, 1030.49, 0, none, none
2017-12-26, 22.97, 2.9, 6.27, 0.6, 1025.13, 0, none, none
2017-12-25, 31.83, 15.36, 20.16, 0.81, 1009.52, 0.002, snow, none
2017-12-24, 33.12, 21.09, 27.48, 0.87, 1021.06, 0.0019, snow, snow
2017-12-23, 32.73, 30.65, 26.23, 0.93, 1015.11, 0.0064, snow, snow
2017-12-22, 22.81, 22.61, 15.57, 0.78, 1027.89, 0.0014, snow, snow
2017-12-21, 29.99, 19.39, 11.9, 0.57, 1022.01, 0, none, snow
2017-12-20, 40.4, 21.74, 22.27, 0.57, 1008.83, 0.0003, rain, none
2017-12-19, 46.64, 34.99, 31.99, 0.82, 1007.49, 0.005, rain, rain
2017-12-18, 27.86, 27.5, 16.98, 0.76, 1019.39, 0.0002, snow, rain
2017-12-17, 27.65, 15.87, 7.82, 0.64, 1025.03, 0, none, snow
2017-12-16, 31.61, 10.85, 15.42, 0.73, 1014.14, 0.0001, snow, none
2017-12-15, 25.26, 14.02, 10.32, 0.72, 1015.95, 0, none, snow
2017-12-14, 27.01, 8.95, 8.85, 0.6, 1006.47, 0.0001, snow, none
2017-12-13, 21.75, 18.97, 15.5, 0.75, 993.77, 0, none, snow
2017-12-12, 33.02, 19.79, 27.88, 0.9, 1004.2, 0.0037, snow, none
2017-12-11, 36.39, 27.6, 23.08, 0.73, 1015.45, 0.001, snow, snow
2017-12-10, 35.66, 26.14, 25.56, 0.83, 1008.97, 0.0043, snow, snow
2017-12-09, 33.51, 26.79, 25.65, 0.82, 1012.21, 0.0024, snow, snow
2017-12-08, 37.2, 30.44, 20.8, 0.66, 1016.47, 0, none, snow
2017-12-07, 42.04, 25.18, 23.92, 0.67, 1013.51, 0, none, none
2017-12-06, 47.45, 27.52, 34.83, 0.73, 1011.06, 0.0159, rain, none
2017-12-05, 48.43, 45.8, 39.16, 0.89, 1023.44, 0.0047, rain, rain
2017-12-04, 44.29, 30.38, 28.36, 0.78, 1031.41, 0, none, rain
2017-12-03, 41.4, 28.05, 27.43, 0.79, 1025.24, 0, none, none
2017-12-02, 41.03, 25, 26.36, 0.79, 1026.23, 0, none, none
2017-12-01, 47.41, 25.68, 34.62, 0.79, 1020.62, 0.0015, rain, none
2017-11-30, 43.56, 37.54, 26.2, 0.71, 1024.6, 0, none, rain
2017-11-29, 58.47, 24.42, 34.49, 0.66, 1018.85, 0, none, none
2017-11-28, 38.24, 34.47, 16.08, 0.6, 1028.95, 0, none, none
2017-11-27, 43.94, 17.93, 22.5, 0.61, 1015.79, 0, none, none
2017-11-26, 46, 31.85, 27.67, 0.59, 1008.9, 0, none, none
2017-11-25, 57.1, 42.97, 32.1, 0.65, 1007.29, 0, none, none
2017-11-24, 48.22, 33.02, 26.42, 0.71, 1015.37, 0, none, none
2017-11-23, 40.1, 25.3, 20.51, 0.61, 1016.32, 0, none, none
2017-11-22, 45.88, 28.14, 37.25, 0.88, 1013.54, 0.0158, rain, none
2017-11-21, 57.89, 37.39, 30.7, 0.65, 1017.57, 0, none, rain
2017-11-20, 39.66, 28.64, 22.03, 0.59, 1011.84, 0, none, none
2017-11-19, 56.43, 30.99, 37.69, 0.8, 994.43, 0.0081, rain, none
2017-11-18, 41.95, 38.46, 24.3, 0.7, 1010.77, 0.0025, rain, rain
2017-11-17, 39.82, 22.6, 25.89, 0.67, 1012.46, 0.0001, rain, rain
2017-11-16, 44.72, 36.47, 35.7, 0.92, 1012.02, 0.0117, rain, rain
2017-11-15, 43.33, 28.63, 28.49, 0.76, 1025.73, 0.0001, rain, rain
2017-11-14, 39.56, 30.97, 31.74, 0.84, 1027.91, 0.0009, rain, rain
2017-11-13, 37.14, 34.41, 29.01, 0.85, 1029.52, 0.0057, rain, rain
2017-11-12, 43.76, 27.36, 20.06, 0.68, 1033.07, 0.0001, snow, rain
2017-11-11, 34.73, 20.48, 9.82, 0.51, 1032.85, 0, none, snow
2017-11-10, 39.57, 20.22, 17.06, 0.54, 1019.6, 0.0006, snow, none
2017-11-09, 48.03, 38.16, 29.79, 0.78, 1022.35, 0.0006, rain, snow
2017-11-08, 44.82, 24.12, 27.96, 0.72, 1026.11, 0.0009, rain, rain
2017-11-07, 45.63, 35.13, 32.81, 0.72, 1023.44, 0.0004, rain, rain
2017-11-06, 66.34, 37.08, 56.47, 0.88, 1013.27, 0.0041, rain, rain
2017-11-05, 55.21, 55.19, 44.71, 0.84, 1026.2, 0, none, rain
2017-11-04, 53.55, 40.56, 34.11, 0.64, 1027.59, 0, none, none
2017-11-03, 72.75, 38.24, 56.02, 0.79, 1017.42, 0.0002, rain, none
2017-11-02, 68.2, 59.09, 52.77, 0.87, 1025.55, 0.0001, rain, rain
2017-11-01, 52.01, 47.24, 36.22, 0.81, 1027.91, 0, none, rain
2017-10-31, 55.59, 31.89, 35.49, 0.63, 1014.63, 0, none, none
2017-10-30, 62.11, 42.09, 49.56, 0.8, 993.09, 0.0652, rain, none
2017-10-29, 59.05, 59.46, 55.93, 0.94, 1010.28, 0.0203, rain, rain
2017-10-28, 66.18, 54.4, 45.28, 0.83, 1017.77, 0, none, rain
2017-10-27, 60.72, 36.67, 40.44, 0.74, 1015.48, 0.0002, rain, none
2017-10-26, 58.8, 42.16, 52.37, 0.93, 1003.43, 0.0332, rain, rain
2017-10-25, 67.47, 58.5, 63.36, 0.94, 1006.88, 0.0376, rain, rain
2017-10-24, 74.28, 65.07, 63.74, 0.9, 1014.87, 0.0237, rain, rain
2017-10-23, 67.17, 58.44, 54.62, 0.88, 1026.76, 0, none, rain
2017-10-22, 72.38, 52.72, 50.16, 0.8, 1029.65, 0, none, none
2017-10-21, 75.84, 46.34, 43.58, 0.64, 1025.24, 0, none, none
2017-10-20, 68.5, 41.73, 42.83, 0.58, 1017.61, 0, none, none
2017-10-19, 72.92, 50.5, 44.51, 0.7, 1020.6, 0, none, none
2017-10-18, 69.9, 39.66, 42.42, 0.71, 1024.4, 0, none, none
2017-10-17, 56.51, 39.85, 33.4, 0.7, 1024.53, 0, none, none
2017-10-16, 60.09, 33.46, 45.95, 0.71, 1013.7, 0.0003, rain, none
2017-10-15, 74.33, 58.56, 59.84, 0.87, 1014.02, 0.0001, rain, rain
2017-10-14, 72.23, 55.22, 55.99, 0.87, 1024.89, 0.0001, rain, rain
2017-10-13, 62.98, 51.97, 42.93, 0.82, 1032.33, 0, none, rain
2017-10-12, 58.41, 34.95, 40.18, 0.67, 1030.99, 0, none, none
2017-10-11, 67.21, 47.29, 52.77, 0.8, 1022.54, 0, none, none
2017-10-10, 75.09, 54.31, 61.03, 0.8, 1015.82, 0.0004, rain, none
2017-10-09, 73.01, 63.27, 67.96, 0.96, 1014.05, 0.0272, rain, rain
2017-10-08, 75.5, 65.63, 67.71, 0.89, 1013.62, 0.0076, rain, rain
2017-10-07, 76.85, 67.09, 60.62, 0.83, 1020.09, 0, none, rain
2017-10-06, 64.55, 58.2, 54.26, 0.87, 1019.39, 0.0008, rain, none
2017-10-05, 77.38, 50.16, 56.86, 0.7, 1017.36, 0, none, rain
2017-10-04, 76.65, 61.4, 52.16, 0.74, 1025.97, 0, none, none
2017-10-03, 68.24, 47.12, 47.54, 0.79, 1036.32, 0, none, none
2017-10-02, 68.76, 42.52, 44.13, 0.74, 1029.79, 0, none, none
2017-10-01, 64.66, 39.48, 42.33, 0.77, 1027.32, 0.0001, rain, none
2017-09-30, 50.84, 38.61, 47.01, 0.9, 1023.38, 0.0055, rain, rain
2017-09-29, 64.36, 48.74, 42.8, 0.67, 1016.16, 0, none, rain
2017-09-28, 73.3, 44.08, 56.54, 0.67, 1008.41, 0.0001, rain, none
2017-09-27, 86.83, 70.06, 67.88, 0.82, 1012.26, 0.0001, rain, rain
2017-09-26, 85.05, 62.55, 66.03, 0.84, 1017, 0, none, rain
2017-09-25, 87.05, 61.44, 67.25, 0.81, 1018.56, 0, none, none
2017-09-24, 87.29, 64.91, 64.67, 0.8, 1017.96, 0, none, none
2017-09-23, 81.98, 59.88, 58.29, 0.7, 1017.49, 0.0001, rain, none
2017-09-22, 67.54, 59.05, 53.8, 0.71, 1018.24, 0.0008, rain, rain
2017-09-21, 71.92, 60, 59.15, 0.73, 1017.11, 0.0001, rain, rain
2017-09-20, 70.75, 67.37, 65.96, 0.93, 1014.29, 0.0023, rain, rain
2017-09-19, 67.6, 65.29, 62.9, 0.93, 1019.96, 0.0009, rain, rain
2017-09-18, 70.64, 62.8, 63.58, 0.91, 1022.09, 0.0004, rain, rain
2017-09-17, 81.46, 63.3, 64.18, 0.85, 1021.51, 0, none, rain
2017-09-16, 79.57, 62.09, 66.43, 0.87, 1021.4, 0, none, none
2017-09-15, 79.32, 67.1, 67.01, 0.89, 1017.49, 0.011, rain, none
2017-09-14, 79.17, 66.08, 64.61, 0.82, 1011.72, 0.0012, rain, rain
2017-09-13, 81.16, 63.04, 56.94, 0.74, 1011.93, 0, none, rain
2017-09-12, 82.7, 52.38, 54.65, 0.72, 1015.36, 0, none, none
2017-09-11, 76.95, 50.61, 51.81, 0.72, 1023.81, 0, none, none
2017-09-10, 70.57, 48.83, 52.06, 0.77, 1027.03, 0, none, none
2017-09-09, 68.85, 50.04, 52.06, 0.8, 1023.42, 0.0002, rain, none
2017-09-08, 69.88, 49.01, 52.9, 0.8, 1017.49, 0.0005, rain, rain
2017-09-07, 72.14, 50.65, 57.66, 0.84, 1010.44, 0.0275, rain, rain
2017-09-06, 69.59, 58.92, 62.8, 0.92, 1012.35, 0.0362, rain, rain
2017-09-05, 84.33, 66.31, 65.1, 0.77, 1008.38, 0.0002, rain, rain
2017-09-04, 76.85, 63.12, 57.62, 0.78, 1010.61, 0.0005, rain, rain
2017-09-03, 58.79, 54.45, 53.44, 0.9, 1015.59, 0.0322, rain, rain
2017-09-02, 71.18, 53.95, 43.74, 0.65, 1023.27, 0.0001, rain, rain
2017-09-01, 65.54, 42.85, 41.58, 0.59, 1017.65, 0, none, rain
2017-08-31, 73.89, 47.56, 52.21, 0.71, 1011.71, 0, none, none
2017-08-30, 72.56, 50.75, 54.21, 0.76, 1015.16, 0.0007, rain, none
2017-08-29, 67.04, 57.38, 52.9, 0.84, 1025.17, 0, none, rain
2017-08-28, 74.52, 48.93, 50.25, 0.69, 1027.35, 0, none, none
2017-08-27, 74.08, 50.17, 50.77, 0.7, 1026.29, 0, none, none
2017-08-26, 73.52, 48.86, 50.41, 0.72, 1024.58, 0, none, none
2017-08-25, 72.74, 48.24, 52.57, 0.7, 1019, 0.0001, rain, none
2017-08-24, 77.53, 57.8, 54.43, 0.7, 1013.29, 0, none, rain
2017-08-23, 78.82, 54.16, 62.21, 0.73, 1007.97, 0.025, rain, none
2017-08-22, 88.52, 70.23, 68.88, 0.78, 1012.88, 0, none, rain
2017-08-21, 84.28, 65.15, 62.51, 0.75, 1020.35, 0, none, none
2017-08-20, 80.98, 58.65, 61.69, 0.73, 1014.94, 0, none, none
2017-08-19, 85, 65.77, 66.23, 0.84, 1009.66, 0.0011, rain, none
2017-08-18, 72.98, 64.25, 64.63, 0.89, 1012.85, 0.0262, rain, rain
2017-08-17, 81.07, 62.02, 53.37, 0.66, 1017.26, 0, none, rain
2017-08-16, 80.79, 51.27, 60.52, 0.72, 1014.13, 0, none, none
2017-08-15, 75.51, 62.54, 64.26, 0.87, 1013.63, 0.0013, rain, none
2017-08-14, 80.69, 61.65, 59.56, 0.75, 1017.2, 0, none, rain
2017-08-13, 82.47, 56.31, 62.29, 0.72, 1012.73, 0.0013, rain, none
2017-08-12, 77.1, 66.06, 63.38, 0.82, 1014.53, 0.0039, rain, rain
2017-08-11, 81.62, 61.66, 61.27, 0.72, 1020.72, 0, none, rain
2017-08-10, 85.4, 61.22, 61.62, 0.71, 1023.52, 0, none, none
2017-08-09, 83.45, 59.21, 59, 0.72, 1021.03, 0, none, none
2017-08-08, 74.51, 55.54, 61.24, 0.84, 1014.41, 0.0049, rain, none
2017-08-07, 75.14, 61.57, 58.35, 0.77, 1017.96, 0.0002, rain, rain
2017-08-06, 75.71, 55.39, 55.25, 0.71, 1015.32, 0.0001, rain, rain
2017-08-05, 74.08, 55.61, 67.05, 0.91, 1012.81, 0.0131, rain, rain
2017-08-04, 84.26, 67.52, 67.02, 0.82, 1017.96, 0.0062, rain, rain
2017-08-03, 85.03, 65.64, 65.79, 0.78, 1019.65, 0.0001, rain, rain
2017-08-02, 85.94, 62.56, 65.21, 0.82, 1018.45, 0.0064, rain, rain
2017-08-01, 86.89, 62.93, 64.07, 0.72, 1017.04, 0, none, rain
2017-07-31, 85.88, 62.33, 58.24, 0.69, 1017.43, 0.0002, rain, none
2017-07-30, 79.34, 52.77, 52.76, 0.67, 1015.78, 0, none, rain
2017-07-29, 73.14, 51.83, 53.23, 0.67, 1013.01, 0, none, none
2017-07-28, 81.37, 59.19, 61.97, 0.76, 1011.13, 0.0001, rain, none
2017-07-27, 70.79, 60.65, 61.32, 0.85, 1015.17, 0.0008, rain, rain
2017-07-26, 79.83, 60.57, 56.64, 0.73, 1022.83, 0, none, rain
2017-07-25, 66.82, 52.57, 55.86, 0.88, 1020.32, 0.0011, rain, none
2017-07-24, 61.09, 55.1, 55.67, 0.9, 1014.69, 0.0375, rain, rain
2017-07-23, 75.47, 60.53, 56.8, 0.64, 1011.66, 0, none, rain
2017-07-22, 82.69, 66.36, 64.68, 0.73, 1010.65, 0, none, none
2017-07-21, 88.88, 65.72, 63.18, 0.67, 1010.54, 0, none, none
2017-07-20, 89.18, 62.89, 67.51, 0.72, 1013.08, 0.0002, rain, none
2017-07-19, 89.59, 66.13, 68.31, 0.76, 1015.99, 0.0001, rain, rain
2017-07-18, 83.17, 65.83, 69.45, 0.85, 1018.84, 0.0075, rain, rain
2017-07-17, 86.55, 66.97, 66.36, 0.75, 1017.84, 0, none, rain
2017-07-16, 86.19, 63.77, 64.04, 0.73, 1013.75, 0, none, none
2017-07-15, 79.88, 61.37, 63.2, 0.84, 1013.53, 0.0009, rain, none
2017-07-14, 65.09, 60.6, 57.74, 0.87, 1019.91, 0, none, rain
2017-07-13, 65.42, 57.53, 60.22, 0.92, 1018.04, 0.0061, rain, none
2017-07-12, 85.82, 63.62, 68.76, 0.84, 1014.93, 0.0203, rain, rain
2017-07-11, 80.51, 65.67, 67.2, 0.83, 1014.19, 0.0072, rain, rain
2017-07-10, 84.61, 67.36, 59.03, 0.63, 1016.54, 0, none, rain
2017-07-09, 81.49, 59.63, 57.49, 0.66, 1013.18, 0.0001, rain, none
2017-07-08, 82.89, 60.01, 64.95, 0.86, 1006.78, 0.0087, rain, rain
2017-07-07, 68.67, 59.99, 60.21, 0.84, 1011.31, 0.0112, rain, rain
2017-07-06, 82.42, 64.89, 57.42, 0.63, 1020.03, 0, none, rain
2017-07-05, 83.02, 58.25, 54.75, 0.62, 1023.05, 0, none, none
2017-07-04, 80.89, 54.98, 56.35, 0.64, 1018.15, 0, none, none
2017-07-03, 84.13, 58.32, 61.12, 0.66, 1013.64, 0.0002, rain, none
2017-07-02, 86.68, 65.28, 65.03, 0.69, 1012.65, 0.0007, rain, rain
2017-07-01, 86.81, 70.23, 70.04, 0.83, 1013.27, 0.0022, rain, rain
2017-06-30, 84.54, 67.77, 66.75, 0.8, 1014.34, 0.0241, rain, rain
2017-06-29, 75.44, 65.55, 58.11, 0.75, 1018.97, 0.0001, rain, rain
2017-06-28, 75.37, 56.01, 52.36, 0.71, 1017.1, 0.0001, rain, rain
2017-06-27, 72, 50.25, 56.83, 0.85, 1015.27, 0.0136, rain, rain
2017-06-26, 75.97, 54.86, 55.19, 0.7, 1014.94, 0.002, rain, rain
2017-06-25, 82.19, 55.92, 56.4, 0.6, 1012.94, 0.0039, rain, rain
2017-06-24, 85.18, 61.25, 66.55, 0.72, 1003.13, 0.0013, rain, rain
2017-06-23, 88.04, 73.74, 66.5, 0.74, 1006.88, 0.0005, rain, rain
2017-06-22, 82.11, 66.44, 55.47, 0.63, 1013.91, 0, none, rain
2017-06-21, 80.64, 55.28, 56.35, 0.65, 1011.81, 0, none, none
2017-06-20, 82.73, 59.26, 64.55, 0.75, 1010.44, 0.0015, rain, none
2017-06-19, 87.4, 68.56, 70.95, 0.82, 1009.71, 0.0119, rain, rain
2017-06-18, 84.63, 73.48, 69.29, 0.82, 1011.53, 0, none, rain
2017-06-17, 70.55, 66.17, 60.55, 0.91, 1015.2, 0.0096, rain, none
2017-06-16, 69.49, 57.29, 54.81, 0.78, 1018.35, 0.013, rain, rain
2017-06-15, 77.28, 59.18, 49.16, 0.61, 1018.53, 0, none, rain
2017-06-14, 79.73, 49.07, 49.52, 0.51, 1015.67, 0, none, none
2017-06-13, 92.35, 61.01, 65.59, 0.63, 1010.75, 0, none, none
2017-06-12, 95.05, 68.57, 63.46, 0.58, 1013.24, 0, none, none
2017-06-11, 91.54, 66.27, 61.38, 0.59, 1014.23, 0, none, none
2017-06-10, 83.74, 63.56, 55.36, 0.6, 1013.36, 0, none, none
2017-06-09, 76.6, 54.34, 50.71, 0.61, 1006.32, 0, none, none
2017-06-08, 80.04, 52.88, 49.42, 0.65, 1015.6, 0.0001, rain, none
2017-06-07, 73.18, 47.2, 49.62, 0.73, 1015.12, 0.0075, rain, rain
2017-06-06, 49.48, 49.21, 47.28, 0.94, 1012.02, 0.0476, rain, rain
2017-06-05, 56.02, 47.97, 52.93, 0.94, 1012.03, 0.017, rain, rain
2017-06-04, 72.32, 54.84, 50.32, 0.72, 1014.39, 0.0022, rain, rain
2017-06-03, 65.96, 46.88, 45.78, 0.68, 1013.03, 0.0001, rain, rain
2017-06-02, 69.83, 44.95, 41.29, 0.5, 1013.09, 0, none, rain
2017-06-01, 75.51, 47.25, 51.31, 0.68, 1012.13, 0.0005, rain, none
2017-05-31, 71.17, 50.86, 56.93, 0.87, 1017.11, 0.0093, rain, rain
2017-05-30, 59.89, 55.21, 50.32, 0.88, 1022.04, 0.0001, rain, rain
2017-05-29, 53.34, 47.57, 48.48, 0.9, 1018.08, 0.0016, rain, rain
2017-05-28, 71.14, 51.82, 52.93, 0.79, 1014.85, 0, none, rain
2017-05-27, 69.52, 50.02, 51.01, 0.76, 1011.19, 0.0005, rain, none
2017-05-26, 58.75, 50.31, 50.35, 0.92, 1002.37, 0.0456, rain, rain
2017-05-25, 56.01, 47.87, 49.45, 0.91, 1010.29, 0.0082, rain, rain
2017-05-24, 70.4, 49.48, 51.89, 0.76, 1009.86, 0, none, rain
2017-05-23, 69.11, 52.05, 50.84, 0.77, 1012.97, 0.0004, rain, none
2017-05-22, 51.61, 50.14, 46.68, 0.85, 1021.31, 0.0091, rain, rain
2017-05-21, 69.94, 49.8, 39.02, 0.54, 1027.63, 0, none, rain
2017-05-20, 70.68, 43.04, 38.96, 0.49, 1024.53, 0, none, none
2017-05-19, 86.45, 51.12, 58.87, 0.65, 1010.91, 0.0041, rain, none
2017-05-18, 93.71, 64.41, 59.33, 0.53, 1009.98, 0.0016, rain, rain
2017-05-17, 92.12, 64.81, 54.28, 0.54, 1012.48, 0, none, rain
2017-05-16, 79.02, 56.67, 46.87, 0.57, 1011.97, 0, none, none
2017-05-15, 58.41, 49.09, 44.95, 0.81, 1001.82, 0.0097, rain, none
2017-05-14, 49.19, 45.38, 43.58, 0.93, 1004.76, 0.0356, rain, rain
2017-05-13, 54.37, 41.93, 43.09, 0.84, 1016.05, 0.001, rain, rain
2017-05-12, 58.46, 39.99, 44.54, 0.82, 1018.61, 0.0003, rain, rain
2017-05-11, 60.99, 41.07, 40.22, 0.66, 1017.05, 0, none, rain
2017-05-10, 58.33, 44.36, 36.4, 0.59, 1016.27, 0, none, none
2017-05-09, 52.6, 42.62, 34.37, 0.68, 1015.64, 0, none, none
2017-05-08, 51.77, 32.91, 35.52, 0.65, 1008.54, 0.0001, rain, none
2017-05-07, 65.99, 43.61, 45.33, 0.67, 1001.67, 0.0005, rain, rain
2017-05-06, 66.89, 53.11, 51.95, 0.88, 1000.79, 0.0078, rain, rain
2017-05-05, 49.13, 48.2, 42.82, 0.83, 1015.97, 0.0335, rain, rain
2017-05-04, 65.32, 47.01, 32.16, 0.52, 1023.78, 0, none, rain
2017-05-03, 60.39, 36.53, 38.19, 0.58, 1010.67, 0, none, none
2017-05-02, 66.55, 46.85, 46.83, 0.85, 1003.69, 0.0224, rain, none
2017-05-01, 48.55, 43.77, 42.18, 0.84, 1016.99, 0.0002, rain, rain
2017-04-30, 56.4, 46.32, 35.45, 0.55, 1024.28, 0.0008, rain, rain
2017-04-29, 81.03, 45.69, 53.15, 0.6, 1014.07, 0, none, rain
2017-04-28, 82.76, 57.06, 55.06, 0.71, 1014.37, 0.0001, rain, none
2017-04-27, 65.95, 56.02, 54.33, 0.89, 1013.19, 0.0006, rain, rain
2017-04-26, 56.83, 52.42, 49.24, 0.95, 1013.66, 0.0162, rain, rain
2017-04-25, 49.87, 44.61, 43.04, 0.87, 1024.63, 0.018, rain, rain
2017-04-24, 73.43, 46.43, 39.3, 0.56, 1020.95, 0, none, rain
2017-04-23, 67.15, 39.77, 38.39, 0.66, 1017.72, 0, none, none
2017-04-22, 45.31, 36.09, 40.54, 0.93, 1015.61, 0.0016, rain, none
2017-04-21, 44.7, 40.81, 42.06, 0.93, 1019.09, 0.0195, rain, rain
2017-04-20, 61.42, 43.06, 43.9, 0.8, 1021.37, 0.0004, rain, rain
2017-04-19, 53.82, 41.78, 34.61, 0.71, 1031.7, 0.0026, rain, rain
2017-04-18, 53.9, 36.71, 31.2, 0.56, 1029.38, 0, none, rain
2017-04-17, 71.58, 40.09, 44.51, 0.51, 1011.51, 0, none, none
2017-04-16, 85.11, 60.63, 52.29, 0.57, 1009.28, 0.0002, rain, none
2017-04-15, 70.01, 55.63, 34.17, 0.55, 1024.76, 0, none, rain
2017-04-14, 62.27, 31.74, 26.97, 0.51, 1028.78, 0, none, none
2017-04-13, 56.49, 32.43, 33.71, 0.59, 1025.67, 0, none, none
2017-04-12, 68.93, 38.75, 50.11, 0.71, 1020.45, 0.007, rain, none
2017-04-11, 87.18, 54.06, 45.7, 0.45, 1018.02, 0, none, rain
2017-04-10, 80.57, 51.02, 35.07, 0.41, 1019.6, 0, none, none
2017-04-09, 65.9, 41.09, 27.02, 0.49, 1018, 0, none, none
2017-04-08, 45.61, 31.73, 28.08, 0.6, 1004.69, 0, none, none
2017-04-07, 52.18, 35.98, 38.67, 0.8, 992.07, 0.0008, rain, none
2017-04-06, 38.74, 38.83, 36.15, 0.92, 1009.03, 0.0335, rain, rain
2017-04-05, 44.94, 37.28, 35.59, 0.87, 1014.21, 0.0041, rain, rain
2017-04-04, 39.21, 35.33, 35.96, 0.89, 1011.03, 0.0242, rain, rain
2017-04-03, 58.62, 38.62, 27.51, 0.58, 1018.32, 0.0001, rain, rain
2017-04-02, 54.38, 28.01, 31.45, 0.72, 1017.24, 0.0215, rain, rain
2017-04-01, 34.17, 32.57, 31.65, 0.93, 1013.63, 0.0253, snow, rain
2017-03-31, 37.03, 31.81, 29.17, 0.81, 1021.31, 0.0067, snow, snow
2017-03-30, 49.23, 35.55, 22.74, 0.52, 1022.38, 0, none, snow
2017-03-29, 44.98, 31.39, 31.86, 0.76, 1018.07, 0.0047, rain, none
2017-03-28, 40.15, 36.31, 35.03, 0.93, 1016.93, 0.0152, rain, rain
2017-03-27, 40.46, 34.18, 34.43, 0.92, 1022.21, 0.0234, rain, rain
2017-03-26, 39.91, 33.87, 25.63, 0.76, 1033.47, 0.0005, rain, rain
2017-03-25, 38, 24.21, 33.39, 0.91, 1024.43, 0.0083, rain, rain
2017-03-24, 36.47, 35.92, 22.4, 0.7, 1027.15, 0.0024, snow, rain
2017-03-23, 36.98, 24.05, 1.67, 0.36, 1031.37, 0, none, snow
2017-03-22, 35.42, 15.95, 10.67, 0.48, 1015.62, 0, none, none
2017-03-21, 53, 31.88, 23.96, 0.49, 1011.19, 0, none, none
2017-03-20, 51.46, 30.74, 17.25, 0.46, 1017.37, 0, none, none
2017-03-19, 40.83, 26.96, 22.84, 0.67, 1024.24, 0.0001, snow, none
2017-03-18, 37.67, 29.02, 16.25, 0.64, 1026.81, 0.0007, snow, snow
2017-03-17, 40.87, 13.8, 11.86, 0.49, 1020.14, 0.0028, snow, snow
2017-03-16, 33.26, 20.15, 10.49, 0.55, 1009.01, 0.0012, snow, snow
2017-03-15, 28.04, 17.87, 14.88, 0.72, 995.69, 0.0018, snow, snow
2017-03-14, 31.84, 16.3, 23.65, 0.85, 1008.24, 0.0073, snow, snow
2017-03-13, 33.98, 23.93, 2.02, 0.43, 1029.62, 0.0001, snow, snow
2017-03-12, 24.88, 10.97, -4.12, 0.41, 1022.96, 0, none, snow
2017-03-11, 18.18, 5.88, -3.27, 0.46, 1016.84, 0, none, none
2017-03-10, 31.39, 7.96, 20.65, 0.68, 1011.07, 0.0016, snow, none
2017-03-09, 44.81, 31.1, 19.15, 0.4, 1011.64, 0.0001, rain, snow
2017-03-08, 55.96, 38.85, 35.63, 0.67, 1011.61, 0.0018, rain, rain
2017-03-07, 43.46, 40.69, 29.66, 0.74, 1026.77, 0.0008, rain, rain
2017-03-06, 42.46, 30.63, 0.75, 0.37, 1032.77, 0, none, rain
2017-03-05, 29.57, 8.75, -7.15, 0.33, 1032.89, 0, none, none
2017-03-04, 16.99, 7.13, -5.38, 0.42, 1030.28, 0, none, none
2017-03-03, 34.24, 9.56, 7.1, 0.43, 1020.53, 0, none, none
2017-03-02, 46.03, 22.04, 24.53, 0.51, 1000.39, 0.0002, rain, none
2017-03-01, 64.07, 45.09, 51.67, 0.86, 1003.29, 0.0008, rain, rain
2017-02-28, 55.06, 47.16, 32.55, 0.67, 1026.87, 0, none, rain
2017-02-27, 52.72, 32.21, 20.95, 0.51, 1025.8, 0, none, none
2017-02-26, 40.92, 26.59, 22.51, 0.56, 1010.28, 0.0011, rain, none
2017-02-25, 67.66, 36.46, 53.95, 0.86, 1005.97, 0.0098, rain, rain
2017-02-24, 71.69, 54.84, 48.28, 0.79, 1012.36, 0.0015, rain, rain
2017-02-23, 66.96, 43.17, 40.08, 0.73, 1010.35, 0, none, rain
2017-02-22, 57.84, 32.93, 33.89, 0.7, 1015.21, 0, none, none
2017-02-21, 44.14, 35.26, 20.22, 0.62, 1026.54, 0, none, none
2017-02-20, 42.17, 19.28, 21.89, 0.53, 1021.51, 0, none, none
2017-02-19, 58.01, 34.05, 33.62, 0.59, 1006.17, 0.0003, rain, none
2017-02-18, 51.87, 38.64, 22.74, 0.55, 1005.68, 0.0019, rain, rain
2017-02-17, 39.17, 23.83, 14.14, 0.55, 1006.01, 0.0011, snow, rain
2017-02-16, 32.35, 22.22, 24.39, 0.79, 996.79, 0.0025, snow, snow
2017-02-15, 39.15, 28.74, 28.23, 0.85, 999.04, 0.0056, rain, snow
2017-02-14, 36.63, 23.33, 15.6, 0.66, 1010.81, 0.0031, snow, rain
2017-02-13, 32.17, 15.58, 20.23, 0.77, 1003.02, 0.0021, snow, snow
2017-02-12, 27.67, 23.57, 20.16, 0.9, 1017, 0.004, snow, snow
2017-02-11, 19.58, 15.75, 11.23, 0.84, 1019.35, 0.0005, snow, snow
2017-02-10, 21.82, 11.44, -1.19, 0.52, 1018.81, 0.0004, snow, snow
2017-02-09, 31.26, 5.99, 18.25, 0.8, 1004.79, 0.0017, snow, snow
2017-02-08, 49.01, 29.58, 27.2, 0.8, 1004.57, 0.0128, rain, snow
2017-02-07, 29.3, 21.17, 21.6, 0.81, 1017.5, 0.0026, snow, rain
2017-02-06, 35.64, 29.21, 13.18, 0.45, 1016.3, 0, none, snow
2017-02-05, 40.35, 28.51, 16.86, 0.55, 1014.09, 0, none, none
2017-02-04, 31.29, 21.99, 9.12, 0.54, 1023.07, 0, none, none
2017-02-03, 31.05, 16.28, 11.15, 0.55, 1020.05, 0, none, none
2017-02-02, 37.83, 18.1, 17.88, 0.61, 1016.67, 0.0001, snow, none
2017-02-01, 38.65, 24.42, 23.53, 0.77, 1012.11, 0.0029, snow, snow
2017-01-31, 28.56, 24.42, 12.24, 0.65, 1013.59, 0.0001, snow, snow
2017-01-30, 33.84, 14.26, 13.74, 0.59, 1008.2, 0, none, snow
2017-01-29, 39.63, 20.02, 20.06, 0.62, 1004.97, 0, none, none
2017-01-28, 37.77, 26.9, 21.76, 0.58, 1000.43, 0, none, none
2017-01-27, 40.78, 33.77, 24.08, 0.57, 996.65, 0.0002, rain, none
2017-01-26, 50.27, 37.5, 33.4, 0.77, 994.26, 0.0049, rain, rain
2017-01-25, 39.83, 34, 30.37, 0.79, 998.75, 0.0082, rain, rain
2017-01-24, 34.2, 33.93, 31.03, 0.93, 999.93, 0.0148, snow, rain
2017-01-23, 32.96, 30.46, 29.68, 0.89, 1016.38, 0.0029, snow, snow
2017-01-22, 41.96, 31.52, 34.93, 0.93, 1011.24, 0.0021, rain, snow
2017-01-21, 52.02, 34.04, 37.39, 0.85, 1009.99, 0.0011, rain, rain
2017-01-20, 39.11, 34.08, 30.43, 0.87, 1016.26, 0.0011, rain, rain
2017-01-19, 40.81, 29.21, 31.7, 0.89, 1016.53, 0.0063, rain, rain
2017-01-18, 33.53, 30.21, 30.9, 0.93, 1017.7, 0.0067, snow, rain
2017-01-17, 42.59, 33.17, 23.86, 0.72, 1023.31, 0.0038, snow, snow
2017-01-16, 39.12, 22.4, 15.84, 0.66, 1028.17, 0, none, snow
2017-01-15, 35.15, 12.94, 15.23, 0.63, 1026.65, 0, none, none
2017-01-14, 29.31, 19.67, 5.51, 0.47, 1035.54, 0, none, none
2017-01-13, 43.06, 13.89, 24.24, 0.55, 1026.76, 0, none, none
2017-01-12, 58.97, 40.13, 46.8, 0.88, 1016.4, 0.0044, rain, none
2017-01-11, 53.06, 37.51, 36.34, 0.75, 1023.03, 0.0078, rain, rain
2017-01-10, 33.49, 33.16, 15.28, 0.78, 1035.43, 0.003, snow, rain
2017-01-09, 20.05, 4.58, 1.01, 0.65, 1037.51, 0, none, snow
2017-01-08, 21.36, 1.25, 4.64, 0.67, 1023.38, 0.0004, snow, none
2017-01-07, 20.85, 7.49, 12.25, 0.79, 1024.72, 0.0014, snow, snow
2017-01-06, 30.12, 15.27, 16.34, 0.68, 1018.19, 0.0004, snow, snow
2017-01-05, 31.64, 24.86, 11.76, 0.51, 1009.83, 0, none, snow
2017-01-04, 45.63, 24.18, 33.84, 0.83, 996.58, 0.0042, rain, none
2017-01-03, 39.24, 34.36, 34.46, 0.91, 1018.09, 0.0251, rain, rain
2017-01-02, 37.99, 32.83, 23.23, 0.81, 1033.58, 0.0005, rain, rain
2017-01-01, 41.3, 19.7, 27.27, 0.76, 1019.55, 0.0064, rain, rain
2016-12-31, 33.53, 33.27, 20.47, 0.72, 1015.94, 0.0012, snow, rain
2016-12-30, 35.39, 18.69, 25.64, 0.79, 998.93, 0.0037, snow, snow
2016-12-29, 35.35, 30.29, 26.71, 0.86, 1010.17, 0.0194, snow, snow
2016-12-28, 38.9, 25.78, 23.85, 0.63, 1016.68, 0, none, snow
2016-12-27, 54.11, 34.29, 38.96, 0.74, 1008.66, 0.0008, rain, none
2016-12-26, 34.67, 33.77, 17.79, 0.69, 1036.95, 0.0005, snow, rain
2016-12-25, 41.01, 15.3, 20.99, 0.63, 1030.81, 0.0002, snow, snow
2016-12-24, 41.36, 31.53, 31.41, 0.83, 1020.65, 0.0099, rain, snow
2016-12-23, 43.89, 30.93, 26.28, 0.72, 1025.6, 0.0009, snow, rain
2016-12-22, 35, 25.89, 26.18, 0.85, 1017.47, 0.0007, snow, snow
2016-12-21, 42.08, 27.21, 19.35, 0.64, 1019.49, 0, none, snow
2016-12-20, 32.08, 20.33, 8.13, 0.64, 1032.08, 0, none, none
2016-12-19, 22.12, 5.67, 0.11, 0.44, 1038.71, 0, none, none
2016-12-18, 52.97, 16.42, 31.81, 0.78, 1012.3, 0.0156, rain, none
2016-12-17, 24.37, 24.77, 16.36, 0.83, 1019.57, 0.0021, snow, rain
2016-12-16, 16.29, 8.69, -11.72, 0.42, 1026.81, 0, none, snow
2016-12-15, 24.22, 0.3, 1.93, 0.44, 1008.14, 0.0001, snow, none
2016-12-14, 38.46, 18.96, 14.87, 0.55, 1013.44, 0.0002, snow, snow
2016-12-13, 40.07, 27.83, 21.71, 0.61, 1017.65, 0.001, snow, snow
2016-12-12, 38.1, 29.01, 29.34, 0.89, 1012.86, 0.0075, snow, snow
2016-12-11, 33.21, 27.48, 10.2, 0.63, 1031.8, 0, none, snow
2016-12-10, 27.43, 8.7, 5.5, 0.51, 1026.53, 0, none, none
2016-12-09, 33.09, 17.91, 11.91, 0.47, 1015.49, 0, none, none
2016-12-08, 40.41, 29.71, 26.74, 0.76, 1012.21, 0.0004, snow, none
2016-12-07, 37.39, 28.85, 31.65, 0.91, 1015.75, 0.0032, rain, snow
2016-12-06, 41.58, 32.47, 25.88, 0.81, 1018.87, 0.0014, snow, rain
2016-12-05, 33.79, 21.83, 25.87, 0.88, 1017.44, 0.0012, snow, snow
2016-12-04, 40.03, 24.27, 21.67, 0.63, 1022.1, 0, none, snow
2016-12-03, 42.78, 32.49, 27.9, 0.66, 1012.74, 0.0001, rain, none
2016-12-02, 48.61, 35.8, 31.62, 0.7, 1007.46, 0.0001, rain, rain
2016-12-01, 53.86, 33.51, 40.12, 0.79, 1001.48, 0.0201, rain, rain
2016-11-30, 44.69, 43.04, 40.47, 0.95, 1014.32, 0.0174, rain, rain
2016-11-29, 44.33, 36.26, 33.79, 0.92, 1018.74, 0.0174, rain, rain
2016-11-28, 44.69, 25.79, 25.72, 0.72, 1020.95, 0, none, rain
2016-11-27, 42.78, 29.31, 29.45, 0.77, 1016.77, 0.0001, rain, none
2016-11-26, 43.16, 33.26, 36.36, 0.93, 1019.09, 0.0004, rain, rain
2016-11-25, 39.69, 33.97, 36.18, 0.94, 1024.75, 0.0057, rain, rain
2016-11-24, 39.02, 35.51, 28.89, 0.81, 1027.68, 0.0007, rain, rain
2016-11-23, 42.87, 28.17, 23.6, 0.63, 1022.76, 0, none, rain
2016-11-22, 40.78, 31.83, 21.51, 0.59, 1011.64, 0, none, none
2016-11-21, 35.73, 29.95, 21.54, 0.66, 998.2, 0.0004, snow, none
2016-11-20, 46.96, 29.77, 37.18, 0.86, 993.38, 0.0062, rain, snow
2016-11-19, 59.13, 45.08, 40.01, 0.84, 1012.97, 0, none, rain
2016-11-18, 62.24, 33.64, 38.01, 0.78, 1018.87, 0, none, none
2016-11-17, 54.71, 34.18, 40.73, 0.78, 1014.23, 0, none, none
2016-11-16, 53.26, 41.83, 47.6, 0.9, 1005.93, 0.0023, rain, none
2016-11-15, 51.96, 48.78, 39.39, 0.79, 1014.23, 0.0269, rain, rain
2016-11-14, 64.03, 39.02, 26.51, 0.55, 1014.83, 0, none, rain
2016-11-13, 58.95, 28.93, 30.92, 0.55, 1015.6, 0, none, none
2016-11-12, 46.97, 37.76, 21.68, 0.5, 1021.01, 0, none, none
2016-11-11, 55.72, 32.04, 30.13, 0.56, 1005.47, 0, none, none
2016-11-10, 52.08, 41.79, 29.26, 0.62, 1011.39, 0, none, none
2016-11-09, 57.89, 30.37, 39.63, 0.81, 1011.06, 0.0002, rain, none
2016-11-08, 64.52, 34.86, 34.44, 0.76, 1019.64, 0, none, rain
2016-11-07, 48.99, 28.27, 29.36, 0.71, 1030.37, 0, none, none
2016-11-06, 48.67, 30.13, 36.61, 0.74, 1023.09, 0.0018, rain, none
2016-11-05, 54.19, 42.67, 33.92, 0.8, 1021.04, 0, none, rain
2016-11-04, 53.6, 27.76, 36.32, 0.71, 1018.26, 0, none, none
2016-11-03, 55.24, 40.8, 49.14, 0.93, 1014.02, 0.0029, rain, none
2016-11-02, 64.57, 47.25, 47.24, 0.83, 1022.61, 0, none, rain
2016-11-01, 52.86, 39.1, 33.09, 0.81, 1028.65, 0.0001, rain, none
2016-10-31, 48.83, 28.48, 34.18, 0.74, 1020.63, 0.0001, rain, rain
2016-10-30, 58.49, 36.82, 46.27, 0.85, 1011.65, 0.0016, rain, rain
2016-10-29, 47.8, 47.29, 41.57, 0.9, 1016.38, 0.0009, rain, rain
2016-10-28, 49.09, 38.36, 43.41, 0.93, 1015.66, 0.0301, rain, rain
2016-10-27, 44.6, 41.47, 32.26, 0.84, 1030.63, 0.0153, rain, rain
2016-10-26, 46.14, 27.39, 26.73, 0.64, 1028.05, 0, none, rain
2016-10-25, 45.87, 32.79, 26.97, 0.58, 1019.95, 0, none, none
2016-10-24, 58.11, 36.48, 35.74, 0.6, 1010.26, 0, none, none
2016-10-23, 56.17, 44.41, 34.03, 0.61, 1002.39, 0.0004, rain, none
2016-10-22, 61.79, 41.85, 52.83, 0.92, 992.19, 0.0081, rain, rain
2016-10-21, 68.92, 61.56, 59.69, 0.94, 1008.92, 0.0691, rain, rain
2016-10-20, 63.29, 54.95, 48.07, 0.82, 1023.42, 0, none, rain
2016-10-19, 77.16, 43.55, 57.14, 0.75, 1013.91, 0.0001, rain, none
2016-10-18, 58.69, 57.76, 55.27, 0.93, 1013.07, 0.0051, rain, rain
2016-10-17, 75.28, 53.47, 57.16, 0.79, 1012.71, 0.0001, rain, rain
2016-10-16, 68.31, 54.5, 46.26, 0.81, 1019.78, 0, none, rain
2016-10-15, 58.14, 35.52, 35.97, 0.77, 1030.42, 0, none, none
2016-10-14, 57.35, 31.97, 35.5, 0.63, 1026.13, 0, none, none
2016-10-13, 69.13, 41.95, 51.04, 0.83, 1019.01, 0.0001, rain, none
2016-10-12, 67.25, 44.71, 43.62, 0.77, 1027.99, 0, none, rain
2016-10-11, 64.25, 40.28, 36.72, 0.71, 1031.16, 0, none, none
2016-10-10, 55.85, 32.97, 36.85, 0.67, 1022.07, 0.0001, rain, none
2016-10-09, 56.01, 43.21, 52.79, 0.93, 1017.57, 0.028, rain, rain
2016-10-08, 68.21, 55.18, 52.82, 0.87, 1020.3, 0.0002, rain, rain
2016-10-07, 74.85, 43.3, 49.6, 0.79, 1025.97, 0, none, rain
2016-10-06, 72.79, 43.21, 45.48, 0.78, 1026.77, 0, none, none
2016-10-05, 64.89, 37.07, 44.21, 0.81, 1028.78, 0, none, none
2016-10-04, 62.7, 39.32, 49.92, 0.81, 1027.93, 0.0001, rain, none
2016-10-03, 69.94, 54.94, 54.75, 0.85, 1017.75, 0.0003, rain, rain
2016-10-02, 55.39, 50.97, 51.11, 0.94, 1020.83, 0.0007, rain, rain
2016-10-01, 53.4, 50.75, 50.31, 0.94, 1026.97, 0.0134, rain, rain
2016-09-30, 59.09, 51.24, 47.64, 0.84, 1032.23, 0.0008, rain, rain
2016-09-29, 62.53, 46.98, 47.58, 0.79, 1032.32, 0, none, rain
2016-09-28, 57.54, 48.37, 52.45, 0.88, 1024.19, 0, none, none
2016-09-27, 70.82, 54.95, 55.93, 0.83, 1014.12, 0.0082, rain, none
2016-09-26, 66.63, 53.84, 40.73, 0.7, 1021.73, 0, none, rain
2016-09-25, 63.53, 35.93, 37.95, 0.62, 1021.02, 0, none, none
2016-09-24, 64.24, 41.44, 46.24, 0.72, 1020.06, 0.0018, rain, none
2016-09-23, 76.11, 50.73, 56.71, 0.74, 1016.93, 0.0136, rain, rain
2016-09-22, 82.96, 60.72, 56, 0.7, 1021.32, 0, none, rain
2016-09-21, 79.05, 53.17, 57.19, 0.72, 1021.25, 0, none, none
2016-09-20, 80.97, 59.3, 65.86, 0.85, 1019.49, 0.0001, rain, none
2016-09-19, 71.13, 65.55, 67.69, 0.94, 1018.33, 0.0411, rain, rain
2016-09-18, 77.54, 67.56, 65.69, 0.85, 1017.4, 0.0009, rain, rain
2016-09-17, 77.99, 65.42, 53.12, 0.71, 1023.05, 0, none, rain
2016-09-16, 74.91, 48.87, 49.2, 0.72, 1026.71, 0, none, none
2016-09-15, 71.08, 44.18, 48.1, 0.68, 1025.02, 0, none, none
2016-09-14, 85.02, 49.56, 59.83, 0.7, 1017.25, 0.0001, rain, none
2016-09-13, 82.81, 61.71, 52.73, 0.66, 1021.33, 0, none, rain
2016-09-12, 75.98, 49.67, 47.5, 0.65, 1023.27, 0, none, none
2016-09-11, 79.67, 46.7, 60.96, 0.73, 1013.93, 0.0046, rain, none
2016-09-10, 78.54, 68.36, 64.14, 0.79, 1017.23, 0.0002, rain, rain
2016-09-09, 90.19, 65.13, 68.91, 0.76, 1011.05, 0.0006, rain, rain
2016-09-08, 81.52, 70.92, 67.67, 0.85, 1012.81, 0.0007, rain, rain
2016-09-07, 74.22, 67.63, 67.4, 0.92, 1018.5, 0.0015, rain, rain
2016-09-06, 69.7, 67.28, 63.12, 0.9, 1019.5, 0.0031, rain, rain
2016-09-05, 76.36, 61.98, 51.38, 0.67, 1023.43, 0.0001, rain, rain
2016-09-04, 76.61, 52.29, 50.79, 0.68, 1025.92, 0, none, rain
2016-09-03, 75.11, 51.47, 52.82, 0.71, 1023.68, 0, none, none
2016-09-02, 77.87, 52.31, 55.34, 0.68, 1018.11, 0, none, none
2016-09-01, 78.95, 57.75, 64.46, 0.77, 1011.21, 0.0013, rain, none
2016-08-31, 82.3, 68.16, 62.63, 0.76, 1014.2, 0, none, rain
2016-08-30, 81.74, 60.57, 55.45, 0.66, 1020.33, 0, none, none
2016-08-29, 84.83, 54.27, 59.59, 0.61, 1019.07, 0, none, none
2016-08-28, 86, 69.74, 61.2, 0.68, 1023.9, 0, none, none
2016-08-27, 86.66, 61.96, 61.06, 0.67, 1021.89, 0, none, none
2016-08-26, 87.24, 61.47, 68.53, 0.76, 1015.1, 0.0002, rain, none
2016-08-25, 84.98, 69.05, 65.23, 0.73, 1017.74, 0.0001, rain, rain
2016-08-24, 87.38, 63.62, 59.62, 0.68, 1023.3, 0, none, rain
2016-08-23, 79.87, 56.53, 52, 0.65, 1024.34, 0, none, none
2016-08-22, 75.25, 50.97, 58.61, 0.72, 1013.08, 0.0286, rain, none
2016-08-21, 84.92, 63.27, 62.58, 0.7, 1013.41, 0.0001, rain, rain
2016-08-20, 83.64, 65.18, 62.74, 0.74, 1015.24, 0.0001, rain, rain
2016-08-19, 86.77, 61.76, 62.51, 0.66, 1014.12, 0, none, rain
2016-08-18, 88.4, 66.67, 62.41, 0.7, 1014.93, 0, none, none
2016-08-17, 79.34, 60.21, 65.93, 0.72, 1013.32, 0.0001, rain, none
2016-08-16, 81.49, 74.68, 65.98, 0.84, 1021.37, 0.0038, rain, rain
2016-08-15, 85.04, 62.11, 65.08, 0.69, 1019.93, 0, none, rain
2016-08-14, 91.71, 70.24, 71.02, 0.77, 1012.64, 0.0107, rain, none
2016-08-13, 78.78, 67.11, 66.9, 0.82, 1013.66, 0.0107, rain, rain
2016-08-12, 94.1, 69.28, 73.52, 0.74, 1010.61, 0.0006, rain, rain
2016-08-11, 94.87, 75.17, 71.56, 0.74, 1016.65, 0.0001, rain, rain
2016-08-10, 79.06, 70.33, 67.26, 0.84, 1021.22, 0.0257, rain, rain
2016-08-09, 89.73, 65.81, 55.58, 0.57, 1022.11, 0, none, rain
2016-08-08, 85.41, 57.89, 54.05, 0.56, 1016.93, 0, none, none
2016-08-07, 84.41, 59.32, 58.48, 0.61, 1010.07, 0, none, none
2016-08-06, 88.53, 61.35, 66.21, 0.72, 1006.44, 0.0021, rain, none
2016-08-05, 88.41, 68.7, 61.61, 0.65, 1014.65, 0, none, rain
2016-08-04, 86.84, 60.14, 57, 0.62, 1020.49, 0, none, none
2016-08-03, 84.29, 57.31, 56.66, 0.68, 1022.01, 0, none, none
2016-08-02, 77.3, 54.59, 62.55, 0.82, 1021.05, 0.0027, rain, none
2016-08-01, 72.56, 64.53, 64.72, 0.89, 1020.27, 0.0015, rain, rain
2016-07-31, 69.85, 65.71, 64.16, 0.87, 1019.89, 0.0044, rain, rain
2016-07-30, 84.67, 66.83, 60.85, 0.66, 1016.64, 0, none, rain
2016-07-29, 84.42, 62.94, 68.24, 0.79, 1012.11, 0.0054, rain, none
2016-07-28, 92.33, 70.59, 64.41, 0.65, 1012.06, 0.001, rain, rain
2016-07-27, 91.39, 63.73, 61.56, 0.6, 1012.94, 0, none, rain
2016-07-26, 90.17, 63.56, 64.49, 0.61, 1009.76, 0, none, none
2016-07-25, 91.94, 70.25, 63.55, 0.68, 1012.25, 0.0011, rain, none
2016-07-24, 87.91, 58.49, 59.32, 0.63, 1014.08, 0.0001, rain, rain
2016-07-23, 92.66, 61.9, 63.85, 0.64, 1008.27, 0.0029, rain, rain
2016-07-22, 94.88, 68.62, 65.47, 0.6, 1010.1, 0, none, rain
2016-07-21, 87.98, 68.88, 56.29, 0.59, 1019.06, 0, none, none
2016-07-20, 80.83, 56.65, 52.47, 0.6, 1021.94, 0, none, none
2016-07-19, 78.04, 53.56, 58.57, 0.65, 1017.17, 0, none, none
2016-07-18, 91.51, 65.93, 66.98, 0.77, 1016.21, 0.0082, rain, none
2016-07-17, 84.39, 64.38, 66.24, 0.73, 1019.28, 0.0002, rain, rain
2016-07-16, 88.62, 68.97, 63.5, 0.63, 1016.03, 0.0001, rain, rain
2016-07-15, 92.09, 66.11, 67.87, 0.7, 1010.32, 0.0004, rain, rain
2016-07-14, 84.59, 70.86, 69.2, 0.79, 1012.21, 0.0018, rain, rain
2016-07-13, 90.93, 68.34, 64.62, 0.65, 1016.66, 0, none, rain
2016-07-12, 86.75, 63.35, 57.44, 0.65, 1018.63, 0, none, none
2016-07-11, 79.44, 56, 58.56, 0.76, 1017.68, 0.0001, rain, none
2016-07-10, 64.46, 59.08, 58.81, 0.92, 1012.61, 0.0024, rain, rain
2016-07-09, 62.71, 58.13, 57.2, 0.89, 1013.51, 0.0159, rain, rain
2016-07-08, 71.38, 59.27, 59.86, 0.82, 1012.06, 0.0001, rain, rain
2016-07-07, 83.46, 63.32, 64.79, 0.78, 1009.7, 0.0001, rain, rain
2016-07-06, 92.74, 65.32, 63.68, 0.63, 1009.64, 0, none, rain
2016-07-05, 85.43, 64.47, 64.6, 0.73, 1009.14, 0.0022, rain, none
2016-07-04, 87.66, 66, 53.93, 0.54, 1015.61, 0, none, rain
2016-07-03, 82.53, 57.42, 50.15, 0.56, 1016.66, 0, none, none
2016-07-02, 76.67, 52.86, 55.33, 0.64, 1011.99, 0.0007, rain, none
2016-07-01, 84.52, 62.65, 62.23, 0.72, 1014.83, 0.0045, rain, rain
2016-06-30, 85.03, 58.95, 57.55, 0.63, 1014.8, 0, none, rain
2016-06-29, 84.13, 59.6, 66.08, 0.77, 1011.47, 0.0023, rain, none
2016-06-28, 79.24, 68.77, 65.12, 0.79, 1014.97, 0.0033, rain, rain
2016-06-27, 85.74, 67.66, 57.96, 0.59, 1017.46, 0, none, rain
2016-06-26, 88.4, 62.23, 55.86, 0.61, 1022.15, 0, none, none
2016-06-25, 83.36, 53.11, 51.6, 0.6, 1022.71, 0, none, none
2016-06-24, 80.75, 52.11, 51.74, 0.61, 1017.95, 0, none, none
2016-06-23, 81.98, 52.98, 52.2, 0.63, 1012.07, 0, none, none
2016-06-22, 74.18, 50.81, 51.47, 0.65, 1010.12, 0.0011, rain, none
2016-06-21, 83.59, 51.67, 56.91, 0.61, 1007.73, 0.0085, rain, rain
2016-06-20, 88.61, 64.46, 60.01, 0.64, 1018.65, 0, none, rain
2016-06-19, 86.79, 59.11, 56.28, 0.65, 1025.68, 0.0001, rain, none
2016-06-18, 80.63, 53.21, 50.45, 0.59, 1023.49, 0.0001, rain, rain
2016-06-17, 79.74, 52.14, 50.12, 0.56, 1014.46, 0.0001, rain, rain
2016-06-16, 84, 52.94, 53.14, 0.58, 1009.34, 0, none, rain
2016-06-15, 82.13, 56.03, 51.33, 0.55, 1011.62, 0, none, none
2016-06-14, 76.63, 57.39, 47.82, 0.57, 1010.14, 0, none, none
2016-06-13, 69.45, 53.55, 48.68, 0.64, 1005.88, 0.0001, rain, none
2016-06-12, 74.07, 52.48, 51.71, 0.71, 1002.51, 0.0001, rain, rain
2016-06-11, 66.21, 55.64, 53.14, 0.84, 1012.77, 0.001, rain, rain
2016-06-10, 69.44, 49.26, 46.02, 0.61, 1013.14, 0, none, rain
2016-06-09, 64.89, 51.83, 43.84, 0.6, 1005.09, 0, none, none
2016-06-08, 71.19, 51.42, 50.72, 0.66, 999.22, 0.0009, rain, none
2016-06-07, 81.8, 56.7, 59.36, 0.73, 999.39, 0.0021, rain, rain
2016-06-06, 81.28, 58.07, 59.74, 0.73, 1002.78, 0.0011, rain, rain
2016-06-05, 65.67, 60.77, 60.56, 0.93, 1010.49, 0.0371, rain, rain
2016-06-04, 82.24, 59.42, 59, 0.71, 1015.36, 0, none, rain
2016-06-03, 73.02, 60.17, 59.09, 0.83, 1018.16, 0, none, none
2016-06-02, 72.66, 57.4, 54.17, 0.82, 1022.99, 0, none, none
2016-06-01, 76.07, 51.4, 55.3, 0.69, 1020.65, 0, none, none
2016-05-31, 85.62, 56.4, 57.94, 0.61, 1012.68, 0, none, none
